<?xml version="1.0" encoding="UTF-8"?>
<project-private xmlns="http://www.netbeans.org/ns/project-private/1">
    <editor-bookmarks xmlns="http://www.netbeans.org/ns/editor-bookmarks/2" lastBookmarkId="0"/>
    <open-files xmlns="http://www.netbeans.org/ns/projectui-open-files/2">
        <group>
            <file>file:/home/mohamed/Downloads/projects/all/data%20structuer/Customer_System/src/customer_system/CustomerLinkedList.java</file>
            <file>file:/home/mohamed/Downloads/projects/all/data%20structuer/Customer_System/src/customer_system/ArrayCustomerList.java</file>
            <file>file:/home/mohamed/Downloads/projects/all/data%20structuer/Customer_System/src/customer_system/Customer_System.java</file>
        </group>
    </open-files>
</project-private>
